case_id,court,judge,case_type,year,complexity,legal_domain,outcome,plaintiff_win_probability,description,title,date
CASE_2016_0001,Supreme Court of India,Justice B. Nair,Partnership Dispute,2018.0,5.0,Arbitration,plaintiff_win,0.439,Partnership dissolution and profit-sharing dispute filed in 2018.,,
CASE_2016_0002,Rajasthan High Court,Justice S. Sharma,Commercial Fraud,2021.0,4.0,Contract Law,plaintiff_win,0.8,Commercial fraud and misrepresentation case filed in 2021.,,
CASE_2018_0003,Madras High Court,Justice D. Verma,Commercial Fraud,2015.0,3.0,Arbitration,plaintiff_win,0.728,Commercial fraud and misrepresentation case filed in 2015.,,
CASE_2023_0004,Gujarat High Court,Justice M. Singh,Shareholder Dispute,2024.0,6.0,Insolvency,defendant_win,0.731,Shareholder rights and corporate governance dispute filed in 2024.,,
CASE_2015_0005,Bombay High Court,Justice B. Nair,Insolvency Proceedings,2020.0,3.0,Insolvency,plaintiff_win,0.572,Corporate insolvency resolution process under IBC filed in 2020.,,
CASE_2020_0006,Delhi High Court,Justice S. Sharma,Insolvency Proceedings,2016.0,4.0,Competition Law,defendant_win,0.607,Corporate insolvency resolution process under IBC filed in 2016.,,
CASE_2024_0007,Calcutta High Court,Justice C. Joshi,Breach of Contract,2022.0,5.0,Intellectual Property,dismissed,0.389,Commercial contract dispute regarding non-performance of obligations filed in 2022.,,
CASE_2021_0008,Delhi High Court,Justice D. Verma,Partnership Dispute,2024.0,4.0,Competition Law,plaintiff_win,0.725,Partnership dissolution and profit-sharing dispute filed in 2024.,,
CASE_2016_0009,Supreme Court of India,Justice L. Desai,Patent Dispute,2019.0,6.0,Intellectual Property,defendant_win,0.657,Patent validity and infringement dispute in technology sector filed in 2019.,,
CASE_2016_0010,Gujarat High Court,Justice V. Reddy,Shareholder Dispute,2020.0,5.0,Corporate Law,plaintiff_win,0.476,Shareholder rights and corporate governance dispute filed in 2020.,,
CASE_2018_0011,Calcutta High Court,Justice B. Nair,Joint Venture Dispute,2016.0,5.0,Corporate Law,defendant_win,0.437,Joint venture agreement breach and profit distribution dispute filed in 2016.,,
CASE_2018_0012,Bombay High Court,Justice K. Rao,Insolvency Proceedings,2019.0,5.0,Arbitration,defendant_win,0.59,Corporate insolvency resolution process under IBC filed in 2019.,,
CASE_2015_0013,Madras High Court,Justice H. Kapoor,Breach of Contract,2020.0,5.0,Securities Law,plaintiff_win,0.662,Commercial contract dispute regarding non-performance of obligations filed in 2020.,,
CASE_2018_0014,Madhya Pradesh High Court,Justice B. Nair,Arbitration Matter,2018.0,4.0,Banking Law,plaintiff_win,0.498,Arbitration award enforcement and challenge proceedings filed in 2018.,,
CASE_2022_0015,Bombay High Court,Justice V. Reddy,Copyright Violation,2018.0,3.0,Insolvency,defendant_win,0.62,Copyright infringement matter concerning unauthorized reproduction filed in 2018.,,
CASE_2021_0016,Madhya Pradesh High Court,Justice N. Gupta,Arbitration Matter,2018.0,3.0,Corporate Law,plaintiff_win,0.645,Arbitration award enforcement and challenge proceedings filed in 2018.,,
CASE_2016_0017,Supreme Court of India,Justice H. Kapoor,Trademark Infringement,2017.0,6.0,Corporate Law,defendant_win,0.548,Trademark infringement case involving brand protection and market confusion filed in 2017.,,
CASE_2021_0018,Madhya Pradesh High Court,Justice S. Sharma,Insolvency Proceedings,2021.0,5.0,Banking Law,plaintiff_win,0.614,Corporate insolvency resolution process under IBC filed in 2021.,,
CASE_2023_0019,Supreme Court of India,Justice L. Desai,Licensing Agreement,2016.0,3.0,Insolvency,defendant_win,0.577,Technology licensing and royalty payment dispute filed in 2016.,,
CASE_2020_0020,Delhi High Court,Justice V. Reddy,Insolvency Proceedings,2017.0,6.0,Banking Law,plaintiff_win,0.569,Corporate insolvency resolution process under IBC filed in 2017.,,
CASE_2019_0021,Rajasthan High Court,Justice C. Joshi,Copyright Violation,2023.0,5.0,Intellectual Property,defendant_win,0.8,Copyright infringement matter concerning unauthorized reproduction filed in 2023.,,
CASE_2019_0022,Rajasthan High Court,Justice T. Iyer,Patent Dispute,2017.0,4.0,Competition Law,plaintiff_win,0.8,Patent validity and infringement dispute in technology sector filed in 2017.,,
CASE_2023_0023,Rajasthan High Court,Justice A. Kumar,Commercial Fraud,2020.0,8.0,Banking Law,plaintiff_win,0.702,Commercial fraud and misrepresentation case filed in 2020.,,
CASE_2020_0024,Calcutta High Court,Justice M. Singh,Breach of Contract,2018.0,7.0,Intellectual Property,plaintiff_win,0.768,Commercial contract dispute regarding non-performance of obligations filed in 2018.,,
CASE_2022_0025,Delhi High Court,Justice C. Joshi,Intellectual Property,2017.0,3.0,Corporate Law,defendant_win,0.479,Comprehensive IP rights protection and licensing dispute filed in 2017.,,
CASE_2023_0026,Bombay High Court,Justice V. Reddy,Intellectual Property,2024.0,4.0,Securities Law,dismissed,0.472,Comprehensive IP rights protection and licensing dispute filed in 2024.,,
CASE_2023_0027,Madras High Court,Justice B. Nair,Partnership Dispute,2021.0,7.0,Competition Law,defendant_win,0.415,Partnership dissolution and profit-sharing dispute filed in 2021.,,
CASE_2023_0028,Allahabad High Court,Justice S. Sharma,Patent Dispute,2018.0,5.0,Intellectual Property,plaintiff_win,0.642,Patent validity and infringement dispute in technology sector filed in 2018.,,
CASE_2024_0029,Rajasthan High Court,Justice M. Singh,Commercial Fraud,2018.0,4.0,Contract Law,plaintiff_win,0.8,Commercial fraud and misrepresentation case filed in 2018.,,
CASE_2015_0030,Madras High Court,Justice S. Sharma,Breach of Contract,2020.0,6.0,Intellectual Property,plaintiff_win,0.8,Commercial contract dispute regarding non-performance of obligations filed in 2020.,,
CASE_2019_0031,Allahabad High Court,Justice M. Singh,Intellectual Property,2017.0,6.0,Banking Law,plaintiff_win,0.559,Comprehensive IP rights protection and licensing dispute filed in 2017.,,
CASE_2022_0032,Gujarat High Court,Justice M. Singh,Trademark Infringement,2016.0,4.0,Securities Law,plaintiff_win,0.668,Trademark infringement case involving brand protection and market confusion filed in 2016.,,
CASE_2021_0033,Allahabad High Court,Justice H. Kapoor,Licensing Agreement,2015.0,7.0,Intellectual Property,plaintiff_win,0.349,Technology licensing and royalty payment dispute filed in 2015.,,
CASE_2020_0034,Delhi High Court,Justice M. Singh,Patent Dispute,2018.0,3.0,Banking Law,plaintiff_win,0.8,Patent validity and infringement dispute in technology sector filed in 2018.,,
CASE_2017_0035,Calcutta High Court,Justice K. Rao,Patent Dispute,2016.0,5.0,Banking Law,defendant_win,0.768,Patent validity and infringement dispute in technology sector filed in 2016.,,
CASE_2023_0036,Delhi High Court,Justice A. Kumar,Joint Venture Dispute,2023.0,6.0,Contract Law,dismissed,0.57,Joint venture agreement breach and profit distribution dispute filed in 2023.,,
CASE_2018_0037,Bombay High Court,Justice N. Gupta,Shareholder Dispute,2022.0,7.0,Arbitration,dismissed,0.476,Shareholder rights and corporate governance dispute filed in 2022.,,
CASE_2015_0038,Bombay High Court,Justice N. Gupta,Breach of Contract,2021.0,6.0,Insolvency,settlement,0.672,Commercial contract dispute regarding non-performance of obligations filed in 2021.,,
CASE_2022_0039,Calcutta High Court,Justice N. Gupta,Licensing Agreement,2023.0,6.0,Banking Law,plaintiff_win,0.7,Technology licensing and royalty payment dispute filed in 2023.,,
CASE_2019_0040,Madras High Court,Justice A. Kumar,Commercial Fraud,2023.0,5.0,Contract Law,plaintiff_win,0.8,Commercial fraud and misrepresentation case filed in 2023.,,
CASE_2015_0041,Supreme Court of India,Justice T. Iyer,Shareholder Dispute,2023.0,5.0,Corporate Law,plaintiff_win,0.56,Shareholder rights and corporate governance dispute filed in 2023.,,
CASE_2023_0042,Delhi High Court,Justice H. Kapoor,Copyright Violation,2016.0,4.0,Intellectual Property,defendant_win,0.674,Copyright infringement matter concerning unauthorized reproduction filed in 2016.,,
CASE_2018_0043,Gujarat High Court,Justice S. Sharma,Commercial Fraud,2018.0,3.0,Contract Law,plaintiff_win,0.638,Commercial fraud and misrepresentation case filed in 2018.,,
CASE_2021_0044,Madhya Pradesh High Court,Justice T. Iyer,Intellectual Property,2020.0,5.0,Insolvency,plaintiff_win,0.654,Comprehensive IP rights protection and licensing dispute filed in 2020.,,
CASE_2020_0045,Madras High Court,Justice V. Reddy,Insolvency Proceedings,2017.0,7.0,Insolvency,defendant_win,0.447,Corporate insolvency resolution process under IBC filed in 2017.,,
CASE_2016_0046,Supreme Court of India,Justice K. Rao,Commercial Fraud,2024.0,6.0,Intellectual Property,plaintiff_win,0.6,Commercial fraud and misrepresentation case filed in 2024.,,
CASE_2018_0047,Rajasthan High Court,Justice V. Reddy,Copyright Violation,2020.0,4.0,Intellectual Property,defendant_win,0.679,Copyright infringement matter concerning unauthorized reproduction filed in 2020.,,
CASE_2020_0048,Calcutta High Court,Justice R. Patel,Shareholder Dispute,2023.0,4.0,Insolvency,defendant_win,0.557,Shareholder rights and corporate governance dispute filed in 2023.,,
CASE_2023_0049,Supreme Court of India,Justice L. Desai,Merger & Acquisition Dispute,2023.0,7.0,Insolvency,settlement,0.65,M&A transaction dispute regarding representations and warranties filed in 2023.,,
CASE_2016_0050,Bombay High Court,Justice V. Reddy,Trademark Infringement,2016.0,7.0,Corporate Law,plaintiff_win,0.746,Trademark infringement case involving brand protection and market confusion filed in 2016.,,
CASE_2024_0051,Madras High Court,Justice B. Nair,Arbitration Matter,2018.0,7.0,Insolvency,plaintiff_win,0.637,Arbitration award enforcement and challenge proceedings filed in 2018.,,
CASE_2019_0052,Supreme Court of India,Justice S. Sharma,Joint Venture Dispute,2021.0,7.0,Insolvency,plaintiff_win,0.698,Joint venture agreement breach and profit distribution dispute filed in 2021.,,
CASE_2020_0053,Bombay High Court,Justice L. Desai,Partnership Dispute,2017.0,5.0,Banking Law,defendant_win,0.504,Partnership dissolution and profit-sharing dispute filed in 2017.,,
CASE_2021_0054,Rajasthan High Court,Justice A. Kumar,Trademark Infringement,2016.0,5.0,Corporate Law,plaintiff_win,0.643,Trademark infringement case involving brand protection and market confusion filed in 2016.,,
CASE_2020_0055,Madhya Pradesh High Court,Justice D. Verma,Copyright Violation,2021.0,7.0,Corporate Law,plaintiff_win,0.384,Copyright infringement matter concerning unauthorized reproduction filed in 2021.,,
CASE_2020_0056,Supreme Court of India,Justice P. Mehta,Patent Dispute,2018.0,4.0,Intellectual Property,plaintiff_win,0.785,Patent validity and infringement dispute in technology sector filed in 2018.,,
CASE_2023_0057,Gujarat High Court,Justice T. Iyer,Licensing Agreement,2017.0,4.0,Arbitration,settlement,0.595,Technology licensing and royalty payment dispute filed in 2017.,,
CASE_2017_0058,Gujarat High Court,Justice A. Kumar,Copyright Violation,2020.0,5.0,Securities Law,defendant_win,0.713,Copyright infringement matter concerning unauthorized reproduction filed in 2020.,,
CASE_2018_0059,Calcutta High Court,Justice R. Patel,Supply Chain Dispute,2016.0,5.0,Securities Law,dismissed,0.406,Supply chain contract breach and delivery obligations dispute filed in 2016.,,
CASE_2022_0060,Madras High Court,Justice M. Singh,Merger & Acquisition Dispute,2022.0,8.0,Competition Law,plaintiff_win,0.67,M&A transaction dispute regarding representations and warranties filed in 2022.,,
CASE_2018_0061,Madras High Court,Justice A. Kumar,Joint Venture Dispute,2018.0,8.0,Securities Law,plaintiff_win,0.478,Joint venture agreement breach and profit distribution dispute filed in 2018.,,
CASE_2016_0062,Calcutta High Court,Justice P. Mehta,Joint Venture Dispute,2023.0,5.0,Securities Law,settlement,0.383,Joint venture agreement breach and profit distribution dispute filed in 2023.,,
CASE_2023_0063,Karnataka High Court,Justice A. Kumar,Trademark Infringement,2019.0,4.0,Corporate Law,plaintiff_win,0.74,Trademark infringement case involving brand protection and market confusion filed in 2019.,,
CASE_2019_0064,Supreme Court of India,Justice S. Sharma,Commercial Fraud,2021.0,5.0,Competition Law,plaintiff_win,0.787,Commercial fraud and misrepresentation case filed in 2021.,,
CASE_2020_0065,Gujarat High Court,Justice T. Iyer,Intellectual Property,2016.0,3.0,Securities Law,settlement,0.598,Comprehensive IP rights protection and licensing dispute filed in 2016.,,
CASE_2018_0066,Calcutta High Court,Justice A. Kumar,Licensing Agreement,2021.0,4.0,Contract Law,plaintiff_win,0.654,Technology licensing and royalty payment dispute filed in 2021.,,
CASE_2023_0067,Madras High Court,Justice P. Mehta,Insolvency Proceedings,2016.0,4.0,Competition Law,defendant_win,0.584,Corporate insolvency resolution process under IBC filed in 2016.,,
CASE_2016_0068,Calcutta High Court,Justice D. Verma,Partnership Dispute,2021.0,4.0,Competition Law,plaintiff_win,0.599,Partnership dissolution and profit-sharing dispute filed in 2021.,,
CASE_2019_0069,Rajasthan High Court,Justice R. Patel,Patent Dispute,2021.0,6.0,Securities Law,defendant_win,0.622,Patent validity and infringement dispute in technology sector filed in 2021.,,
CASE_2017_0070,Madhya Pradesh High Court,Justice T. Iyer,Partnership Dispute,2021.0,6.0,Contract Law,plaintiff_win,0.627,Partnership dissolution and profit-sharing dispute filed in 2021.,,
CASE_2018_0071,Gujarat High Court,Justice C. Joshi,Commercial Fraud,2024.0,5.0,Competition Law,plaintiff_win,0.8,Commercial fraud and misrepresentation case filed in 2024.,,
CASE_2022_0072,Madras High Court,Justice D. Verma,Shareholder Dispute,2017.0,5.0,Intellectual Property,plaintiff_win,0.639,Shareholder rights and corporate governance dispute filed in 2017.,,
CASE_2024_0073,Karnataka High Court,Justice S. Sharma,Merger & Acquisition Dispute,2018.0,3.0,Insolvency,plaintiff_win,0.581,M&A transaction dispute regarding representations and warranties filed in 2018.,,
CASE_2018_0074,Bombay High Court,Justice A. Kumar,Breach of Contract,2018.0,4.0,Banking Law,plaintiff_win,0.8,Commercial contract dispute regarding non-performance of obligations filed in 2018.,,
CASE_2016_0075,Allahabad High Court,Justice N. Gupta,Joint Venture Dispute,2024.0,3.0,Arbitration,plaintiff_win,0.771,Joint venture agreement breach and profit distribution dispute filed in 2024.,,
CASE_2021_0076,Allahabad High Court,Justice N. Gupta,Patent Dispute,2017.0,3.0,Contract Law,defendant_win,0.787,Patent validity and infringement dispute in technology sector filed in 2017.,,
CASE_2016_0077,Gujarat High Court,Justice M. Singh,Copyright Violation,2023.0,5.0,Banking Law,plaintiff_win,0.795,Copyright infringement matter concerning unauthorized reproduction filed in 2023.,,
CASE_2018_0078,Delhi High Court,Justice K. Rao,Copyright Violation,2022.0,4.0,Competition Law,settlement,0.608,Copyright infringement matter concerning unauthorized reproduction filed in 2022.,,
CASE_2022_0079,Madhya Pradesh High Court,Justice H. Kapoor,Licensing Agreement,2023.0,6.0,Securities Law,defendant_win,0.612,Technology licensing and royalty payment dispute filed in 2023.,,
CASE_2023_0080,Allahabad High Court,Justice R. Patel,Licensing Agreement,2022.0,4.0,Banking Law,plaintiff_win,0.584,Technology licensing and royalty payment dispute filed in 2022.,,
CASE_2018_0081,Calcutta High Court,Justice C. Joshi,Supply Chain Dispute,2023.0,5.0,Banking Law,defendant_win,0.514,Supply chain contract breach and delivery obligations dispute filed in 2023.,,
CASE_2019_0082,Allahabad High Court,Justice S. Sharma,Licensing Agreement,2019.0,6.0,Arbitration,plaintiff_win,0.636,Technology licensing and royalty payment dispute filed in 2019.,,
CASE_2020_0083,Rajasthan High Court,Justice S. Sharma,Copyright Violation,2017.0,7.0,Arbitration,plaintiff_win,0.8,Copyright infringement matter concerning unauthorized reproduction filed in 2017.,,
CASE_2017_0084,Madras High Court,Justice S. Sharma,Insolvency Proceedings,2021.0,4.0,Competition Law,plaintiff_win,0.8,Corporate insolvency resolution process under IBC filed in 2021.,,
CASE_2021_0085,Supreme Court of India,Justice M. Singh,Merger & Acquisition Dispute,2021.0,3.0,Securities Law,settlement,0.586,M&A transaction dispute regarding representations and warranties filed in 2021.,,
CASE_2024_0086,Supreme Court of India,Justice H. Kapoor,Supply Chain Dispute,2024.0,5.0,Securities Law,plaintiff_win,0.719,Supply chain contract breach and delivery obligations dispute filed in 2024.,,
CASE_2020_0087,Calcutta High Court,Justice C. Joshi,Insolvency Proceedings,2021.0,6.0,Arbitration,plaintiff_win,0.612,Corporate insolvency resolution process under IBC filed in 2021.,,
CASE_2019_0088,Gujarat High Court,Justice K. Rao,Breach of Contract,2021.0,3.0,Competition Law,plaintiff_win,0.8,Commercial contract dispute regarding non-performance of obligations filed in 2021.,,
CASE_2021_0089,Bombay High Court,Justice H. Kapoor,Shareholder Dispute,2017.0,4.0,Contract Law,settlement,0.603,Shareholder rights and corporate governance dispute filed in 2017.,,
CASE_2024_0090,Madhya Pradesh High Court,Justice L. Desai,Breach of Contract,2016.0,3.0,Securities Law,plaintiff_win,0.735,Commercial contract dispute regarding non-performance of obligations filed in 2016.,,
CASE_2022_0091,Bombay High Court,Justice A. Kumar,Partnership Dispute,2021.0,4.0,Competition Law,plaintiff_win,0.727,Partnership dissolution and profit-sharing dispute filed in 2021.,,
CASE_2020_0092,Karnataka High Court,Justice C. Joshi,Insolvency Proceedings,2019.0,6.0,Securities Law,plaintiff_win,0.378,Corporate insolvency resolution process under IBC filed in 2019.,,
CASE_2016_0093,Allahabad High Court,Justice A. Kumar,Licensing Agreement,2023.0,6.0,Contract Law,settlement,0.703,Technology licensing and royalty payment dispute filed in 2023.,,
CASE_2020_0094,Madras High Court,Justice L. Desai,Trademark Infringement,2015.0,4.0,Contract Law,dismissed,0.555,Trademark infringement case involving brand protection and market confusion filed in 2015.,,
CASE_2018_0095,Supreme Court of India,Justice T. Iyer,Copyright Violation,2018.0,5.0,Corporate Law,plaintiff_win,0.727,Copyright infringement matter concerning unauthorized reproduction filed in 2018.,,
CASE_2016_0096,Madhya Pradesh High Court,Justice M. Singh,Shareholder Dispute,2019.0,7.0,Competition Law,plaintiff_win,0.707,Shareholder rights and corporate governance dispute filed in 2019.,,
CASE_2024_0097,Delhi High Court,Justice C. Joshi,Merger & Acquisition Dispute,2017.0,6.0,Insolvency,plaintiff_win,0.443,M&A transaction dispute regarding representations and warranties filed in 2017.,,
CASE_2015_0098,Calcutta High Court,Justice T. Iyer,Joint Venture Dispute,2021.0,5.0,Securities Law,dismissed,0.565,Joint venture agreement breach and profit distribution dispute filed in 2021.,,
CASE_2018_0099,Delhi High Court,Justice T. Iyer,Licensing Agreement,2018.0,4.0,Intellectual Property,defendant_win,0.668,Technology licensing and royalty payment dispute filed in 2018.,,
CASE_2019_0100,Madhya Pradesh High Court,Justice C. Joshi,Trademark Infringement,2024.0,6.0,Contract Law,plaintiff_win,0.626,Trademark infringement case involving brand protection and market confusion filed in 2024.,,
CASE_2021_0101,Karnataka High Court,Justice S. Sharma,Intellectual Property,2020.0,6.0,Contract Law,defendant_win,0.8,Comprehensive IP rights protection and licensing dispute filed in 2020.,,
CASE_2022_0102,Delhi High Court,Justice N. Gupta,Arbitration Matter,2022.0,5.0,Corporate Law,plaintiff_win,0.589,Arbitration award enforcement and challenge proceedings filed in 2022.,,
CASE_2023_0103,Calcutta High Court,Justice T. Iyer,Supply Chain Dispute,2023.0,4.0,Banking Law,plaintiff_win,0.504,Supply chain contract breach and delivery obligations dispute filed in 2023.,,
CASE_2024_0104,Calcutta High Court,Justice P. Mehta,Merger & Acquisition Dispute,2018.0,3.0,Intellectual Property,plaintiff_win,0.648,M&A transaction dispute regarding representations and warranties filed in 2018.,,
CASE_2022_0105,Madras High Court,Justice C. Joshi,Shareholder Dispute,2024.0,6.0,Securities Law,plaintiff_win,0.538,Shareholder rights and corporate governance dispute filed in 2024.,,
CASE_2022_0106,Karnataka High Court,Justice R. Patel,Shareholder Dispute,2018.0,8.0,Competition Law,settlement,0.474,Shareholder rights and corporate governance dispute filed in 2018.,,
CASE_2020_0107,Calcutta High Court,Justice T. Iyer,Licensing Agreement,2019.0,8.0,Contract Law,defendant_win,0.355,Technology licensing and royalty payment dispute filed in 2019.,,
CASE_2018_0108,Delhi High Court,Justice M. Singh,Licensing Agreement,2021.0,5.0,Banking Law,plaintiff_win,0.738,Technology licensing and royalty payment dispute filed in 2021.,,
CASE_2018_0109,Allahabad High Court,Justice L. Desai,Licensing Agreement,2022.0,7.0,Banking Law,settlement,0.457,Technology licensing and royalty payment dispute filed in 2022.,,
CASE_2016_0110,Calcutta High Court,Justice M. Singh,Insolvency Proceedings,2018.0,5.0,Insolvency,defendant_win,0.529,Corporate insolvency resolution process under IBC filed in 2018.,,
CASE_2020_0111,Allahabad High Court,Justice D. Verma,Intellectual Property,2020.0,7.0,Securities Law,dismissed,0.613,Comprehensive IP rights protection and licensing dispute filed in 2020.,,
CASE_2023_0112,Karnataka High Court,Justice P. Mehta,Licensing Agreement,2022.0,3.0,Insolvency,plaintiff_win,0.776,Technology licensing and royalty payment dispute filed in 2022.,,
CASE_2018_0113,Delhi High Court,Justice B. Nair,Patent Dispute,2020.0,6.0,Intellectual Property,plaintiff_win,0.8,Patent validity and infringement dispute in technology sector filed in 2020.,,
CASE_2017_0114,Madras High Court,Justice M. Singh,Licensing Agreement,2022.0,6.0,Insolvency,defendant_win,0.635,Technology licensing and royalty payment dispute filed in 2022.,,
CASE_2023_0115,Madhya Pradesh High Court,Justice V. Reddy,Trademark Infringement,2018.0,6.0,Insolvency,plaintiff_win,0.504,Trademark infringement case involving brand protection and market confusion filed in 2018.,,
CASE_2017_0116,Calcutta High Court,Justice A. Kumar,Licensing Agreement,2023.0,4.0,Corporate Law,plaintiff_win,0.8,Technology licensing and royalty payment dispute filed in 2023.,,
CASE_2015_0117,Rajasthan High Court,Justice V. Reddy,Licensing Agreement,2017.0,7.0,Banking Law,plaintiff_win,0.53,Technology licensing and royalty payment dispute filed in 2017.,,
CASE_2015_0118,Madhya Pradesh High Court,Justice V. Reddy,Shareholder Dispute,2022.0,7.0,Banking Law,plaintiff_win,0.576,Shareholder rights and corporate governance dispute filed in 2022.,,
CASE_2015_0119,Calcutta High Court,Justice H. Kapoor,Shareholder Dispute,2016.0,5.0,Intellectual Property,plaintiff_win,0.644,Shareholder rights and corporate governance dispute filed in 2016.,,
CASE_2016_0120,Madhya Pradesh High Court,Justice L. Desai,Joint Venture Dispute,2015.0,6.0,Corporate Law,plaintiff_win,0.501,Joint venture agreement breach and profit distribution dispute filed in 2015.,,
CASE_2024_0121,Calcutta High Court,Justice S. Sharma,Patent Dispute,2016.0,6.0,Securities Law,plaintiff_win,0.753,Patent validity and infringement dispute in technology sector filed in 2016.,,
CASE_2024_0122,Madras High Court,Justice C. Joshi,Intellectual Property,2021.0,5.0,Banking Law,settlement,0.568,Comprehensive IP rights protection and licensing dispute filed in 2021.,,
CASE_2019_0123,Madhya Pradesh High Court,Justice N. Gupta,Partnership Dispute,2024.0,5.0,Contract Law,defendant_win,0.567,Partnership dissolution and profit-sharing dispute filed in 2024.,,
CASE_2016_0124,Madras High Court,Justice L. Desai,Patent Dispute,2019.0,3.0,Intellectual Property,plaintiff_win,0.614,Patent validity and infringement dispute in technology sector filed in 2019.,,
CASE_2017_0125,Rajasthan High Court,Justice S. Sharma,Copyright Violation,2015.0,5.0,Securities Law,plaintiff_win,0.501,Copyright infringement matter concerning unauthorized reproduction filed in 2015.,,
CASE_2024_0126,Allahabad High Court,Justice V. Reddy,Breach of Contract,2018.0,5.0,Insolvency,defendant_win,0.636,Commercial contract dispute regarding non-performance of obligations filed in 2018.,,
CASE_2022_0127,Delhi High Court,Justice L. Desai,Patent Dispute,2019.0,3.0,Arbitration,plaintiff_win,0.641,Patent validity and infringement dispute in technology sector filed in 2019.,,
CASE_2023_0128,Madras High Court,Justice L. Desai,Copyright Violation,2019.0,5.0,Corporate Law,plaintiff_win,0.567,Copyright infringement matter concerning unauthorized reproduction filed in 2019.,,
CASE_2017_0129,Calcutta High Court,Justice T. Iyer,Licensing Agreement,2024.0,6.0,Insolvency,plaintiff_win,0.605,Technology licensing and royalty payment dispute filed in 2024.,,
CASE_2022_0130,Calcutta High Court,Justice B. Nair,Insolvency Proceedings,2019.0,3.0,Banking Law,defendant_win,0.423,Corporate insolvency resolution process under IBC filed in 2019.,,
CASE_2024_0131,Supreme Court of India,Justice N. Gupta,Licensing Agreement,2020.0,3.0,Insolvency,plaintiff_win,0.8,Technology licensing and royalty payment dispute filed in 2020.,,
CASE_2018_0132,Madhya Pradesh High Court,Justice T. Iyer,Breach of Contract,2019.0,6.0,Contract Law,plaintiff_win,0.784,Commercial contract dispute regarding non-performance of obligations filed in 2019.,,
CASE_2017_0133,Allahabad High Court,Justice D. Verma,Joint Venture Dispute,2022.0,6.0,Insolvency,plaintiff_win,0.552,Joint venture agreement breach and profit distribution dispute filed in 2022.,,
CASE_2024_0134,Gujarat High Court,Justice L. Desai,Merger & Acquisition Dispute,2022.0,5.0,Intellectual Property,plaintiff_win,0.594,M&A transaction dispute regarding representations and warranties filed in 2022.,,
CASE_2021_0135,Karnataka High Court,Justice P. Mehta,Joint Venture Dispute,2016.0,6.0,Corporate Law,plaintiff_win,0.456,Joint venture agreement breach and profit distribution dispute filed in 2016.,,
CASE_2022_0136,Calcutta High Court,Justice L. Desai,Insolvency Proceedings,2023.0,3.0,Contract Law,defendant_win,0.433,Corporate insolvency resolution process under IBC filed in 2023.,,
CASE_2020_0137,Calcutta High Court,Justice P. Mehta,Trademark Infringement,2021.0,3.0,Contract Law,defendant_win,0.623,Trademark infringement case involving brand protection and market confusion filed in 2021.,,
CASE_2023_0138,Allahabad High Court,Justice N. Gupta,Breach of Contract,2018.0,4.0,Competition Law,plaintiff_win,0.8,Commercial contract dispute regarding non-performance of obligations filed in 2018.,,
CASE_2022_0139,Allahabad High Court,Justice C. Joshi,Breach of Contract,2018.0,4.0,Insolvency,plaintiff_win,0.682,Commercial contract dispute regarding non-performance of obligations filed in 2018.,,
CASE_2019_0140,Allahabad High Court,Justice B. Nair,Shareholder Dispute,2016.0,6.0,Contract Law,dismissed,0.339,Shareholder rights and corporate governance dispute filed in 2016.,,
CASE_2024_0141,Madras High Court,Justice B. Nair,Copyright Violation,2019.0,6.0,Contract Law,plaintiff_win,0.638,Copyright infringement matter concerning unauthorized reproduction filed in 2019.,,
CASE_2016_0142,Madras High Court,Justice H. Kapoor,Trademark Infringement,2022.0,6.0,Intellectual Property,plaintiff_win,0.8,Trademark infringement case involving brand protection and market confusion filed in 2022.,,
CASE_2017_0143,Allahabad High Court,Justice B. Nair,Partnership Dispute,2023.0,5.0,Insolvency,plaintiff_win,0.477,Partnership dissolution and profit-sharing dispute filed in 2023.,,
CASE_2022_0144,Allahabad High Court,Justice M. Singh,Shareholder Dispute,2023.0,6.0,Corporate Law,plaintiff_win,0.502,Shareholder rights and corporate governance dispute filed in 2023.,,
CASE_2024_0145,Rajasthan High Court,Justice B. Nair,Copyright Violation,2016.0,3.0,Insolvency,defendant_win,0.626,Copyright infringement matter concerning unauthorized reproduction filed in 2016.,,
CASE_2021_0146,Karnataka High Court,Justice C. Joshi,Intellectual Property,2019.0,3.0,Contract Law,plaintiff_win,0.737,Comprehensive IP rights protection and licensing dispute filed in 2019.,,
CASE_2019_0147,Madhya Pradesh High Court,Justice T. Iyer,Joint Venture Dispute,2022.0,5.0,Corporate Law,defendant_win,0.421,Joint venture agreement breach and profit distribution dispute filed in 2022.,,
CASE_2022_0148,Karnataka High Court,Justice P. Mehta,Intellectual Property,2023.0,5.0,Securities Law,plaintiff_win,0.539,Comprehensive IP rights protection and licensing dispute filed in 2023.,,
CASE_2020_0149,Madras High Court,Justice B. Nair,Patent Dispute,2024.0,5.0,Securities Law,plaintiff_win,0.8,Patent validity and infringement dispute in technology sector filed in 2024.,,
CASE_2021_0150,Supreme Court of India,Justice P. Mehta,Licensing Agreement,2022.0,3.0,Securities Law,plaintiff_win,0.782,Technology licensing and royalty payment dispute filed in 2022.,,
CASE_2017_0151,Allahabad High Court,Justice A. Kumar,Copyright Violation,2023.0,5.0,Competition Law,defendant_win,0.736,Copyright infringement matter concerning unauthorized reproduction filed in 2023.,,
CASE_2022_0152,Delhi High Court,Justice D. Verma,Shareholder Dispute,2015.0,7.0,Corporate Law,plaintiff_win,0.765,Shareholder rights and corporate governance dispute filed in 2015.,,
CASE_2017_0153,Delhi High Court,Justice K. Rao,Supply Chain Dispute,2019.0,6.0,Competition Law,defendant_win,0.51,Supply chain contract breach and delivery obligations dispute filed in 2019.,,
CASE_2021_0154,Delhi High Court,Justice H. Kapoor,Arbitration Matter,2023.0,5.0,Securities Law,dismissed,0.586,Arbitration award enforcement and challenge proceedings filed in 2023.,,
CASE_2022_0155,Rajasthan High Court,Justice A. Kumar,Commercial Fraud,2016.0,7.0,Arbitration,defendant_win,0.54,Commercial fraud and misrepresentation case filed in 2016.,,
CASE_2019_0156,Madras High Court,Justice B. Nair,Trademark Infringement,2021.0,6.0,Intellectual Property,plaintiff_win,0.778,Trademark infringement case involving brand protection and market confusion filed in 2021.,,
CASE_2016_0157,Allahabad High Court,Justice R. Patel,Licensing Agreement,2019.0,5.0,Contract Law,plaintiff_win,0.569,Technology licensing and royalty payment dispute filed in 2019.,,
CASE_2015_0158,Calcutta High Court,Justice P. Mehta,Arbitration Matter,2021.0,5.0,Corporate Law,plaintiff_win,0.557,Arbitration award enforcement and challenge proceedings filed in 2021.,,
CASE_2021_0159,Madhya Pradesh High Court,Justice L. Desai,Supply Chain Dispute,2017.0,8.0,Corporate Law,plaintiff_win,0.351,Supply chain contract breach and delivery obligations dispute filed in 2017.,,
CASE_2024_0160,Gujarat High Court,Justice T. Iyer,Joint Venture Dispute,2018.0,5.0,Banking Law,dismissed,0.521,Joint venture agreement breach and profit distribution dispute filed in 2018.,,
CASE_2017_0161,Madras High Court,Justice K. Rao,Joint Venture Dispute,2019.0,7.0,Banking Law,plaintiff_win,0.438,Joint venture agreement breach and profit distribution dispute filed in 2019.,,
CASE_2015_0162,Allahabad High Court,Justice V. Reddy,Joint Venture Dispute,2023.0,6.0,Corporate Law,plaintiff_win,0.514,Joint venture agreement breach and profit distribution dispute filed in 2023.,,
CASE_2020_0163,Madhya Pradesh High Court,Justice V. Reddy,Joint Venture Dispute,2021.0,6.0,Insolvency,plaintiff_win,0.586,Joint venture agreement breach and profit distribution dispute filed in 2021.,,
CASE_2019_0164,Madras High Court,Justice N. Gupta,Merger & Acquisition Dispute,2022.0,7.0,Intellectual Property,plaintiff_win,0.608,M&A transaction dispute regarding representations and warranties filed in 2022.,,
CASE_2024_0165,Karnataka High Court,Justice T. Iyer,Partnership Dispute,2019.0,4.0,Contract Law,dismissed,0.605,Partnership dissolution and profit-sharing dispute filed in 2019.,,
CASE_2021_0166,Calcutta High Court,Justice A. Kumar,Commercial Fraud,2015.0,7.0,Banking Law,defendant_win,0.659,Commercial fraud and misrepresentation case filed in 2015.,,
CASE_2019_0167,Madras High Court,Justice T. Iyer,Supply Chain Dispute,2020.0,8.0,Arbitration,dismissed,0.271,Supply chain contract breach and delivery obligations dispute filed in 2020.,,
CASE_2024_0168,Calcutta High Court,Justice L. Desai,Supply Chain Dispute,2017.0,6.0,Intellectual Property,dismissed,0.378,Supply chain contract breach and delivery obligations dispute filed in 2017.,,
CASE_2015_0169,Calcutta High Court,Justice C. Joshi,Shareholder Dispute,2015.0,5.0,Competition Law,defendant_win,0.655,Shareholder rights and corporate governance dispute filed in 2015.,,
CASE_2016_0170,Calcutta High Court,Justice P. Mehta,Licensing Agreement,2021.0,6.0,Corporate Law,plaintiff_win,0.506,Technology licensing and royalty payment dispute filed in 2021.,,
CASE_2023_0171,Karnataka High Court,Justice D. Verma,Intellectual Property,2019.0,4.0,Corporate Law,plaintiff_win,0.551,Comprehensive IP rights protection and licensing dispute filed in 2019.,,
CASE_2022_0172,Calcutta High Court,Justice B. Nair,Merger & Acquisition Dispute,2020.0,7.0,Intellectual Property,plaintiff_win,0.643,M&A transaction dispute regarding representations and warranties filed in 2020.,,
CASE_2016_0173,Bombay High Court,Justice C. Joshi,Patent Dispute,2021.0,5.0,Competition Law,plaintiff_win,0.706,Patent validity and infringement dispute in technology sector filed in 2021.,,
CASE_2021_0174,Supreme Court of India,Justice V. Reddy,Intellectual Property,2016.0,3.0,Banking Law,plaintiff_win,0.685,Comprehensive IP rights protection and licensing dispute filed in 2016.,,
CASE_2019_0175,Madhya Pradesh High Court,Justice N. Gupta,Merger & Acquisition Dispute,2020.0,7.0,Intellectual Property,defendant_win,0.523,M&A transaction dispute regarding representations and warranties filed in 2020.,,
CASE_2022_0176,Supreme Court of India,Justice T. Iyer,Intellectual Property,2020.0,8.0,Arbitration,defendant_win,0.439,Comprehensive IP rights protection and licensing dispute filed in 2020.,,
CASE_2022_0177,Calcutta High Court,Justice L. Desai,Insolvency Proceedings,2016.0,8.0,Corporate Law,plaintiff_win,0.591,Corporate insolvency resolution process under IBC filed in 2016.,,
CASE_2015_0178,Calcutta High Court,Justice K. Rao,Trademark Infringement,2016.0,5.0,Arbitration,defendant_win,0.707,Trademark infringement case involving brand protection and market confusion filed in 2016.,,
CASE_2017_0179,Gujarat High Court,Justice K. Rao,Arbitration Matter,2023.0,4.0,Securities Law,plaintiff_win,0.72,Arbitration award enforcement and challenge proceedings filed in 2023.,,
CASE_2017_0180,Gujarat High Court,Justice L. Desai,Trademark Infringement,2022.0,6.0,Securities Law,dismissed,0.53,Trademark infringement case involving brand protection and market confusion filed in 2022.,,
CASE_2019_0181,Supreme Court of India,Justice B. Nair,Arbitration Matter,2018.0,6.0,Banking Law,plaintiff_win,0.48,Arbitration award enforcement and challenge proceedings filed in 2018.,,
CASE_2018_0182,Karnataka High Court,Justice S. Sharma,Joint Venture Dispute,2020.0,5.0,Competition Law,plaintiff_win,0.629,Joint venture agreement breach and profit distribution dispute filed in 2020.,,
CASE_2019_0183,Madras High Court,Justice S. Sharma,Merger & Acquisition Dispute,2022.0,5.0,Intellectual Property,defendant_win,0.599,M&A transaction dispute regarding representations and warranties filed in 2022.,,
CASE_2024_0184,Supreme Court of India,Justice A. Kumar,Supply Chain Dispute,2020.0,4.0,Arbitration,defendant_win,0.8,Supply chain contract breach and delivery obligations dispute filed in 2020.,,
CASE_2024_0185,Madras High Court,Justice S. Sharma,Merger & Acquisition Dispute,2023.0,4.0,Arbitration,plaintiff_win,0.741,M&A transaction dispute regarding representations and warranties filed in 2023.,,
CASE_2018_0186,Karnataka High Court,Justice C. Joshi,Copyright Violation,2024.0,4.0,Contract Law,plaintiff_win,0.8,Copyright infringement matter concerning unauthorized reproduction filed in 2024.,,
CASE_2017_0187,Bombay High Court,Justice D. Verma,Partnership Dispute,2017.0,3.0,Intellectual Property,defendant_win,0.537,Partnership dissolution and profit-sharing dispute filed in 2017.,,
CASE_2015_0188,Bombay High Court,Justice A. Kumar,Arbitration Matter,2018.0,7.0,Competition Law,plaintiff_win,0.63,Arbitration award enforcement and challenge proceedings filed in 2018.,,
CASE_2019_0189,Supreme Court of India,Justice R. Patel,Licensing Agreement,2021.0,6.0,Intellectual Property,defendant_win,0.715,Technology licensing and royalty payment dispute filed in 2021.,,
CASE_2022_0190,Allahabad High Court,Justice C. Joshi,Arbitration Matter,2023.0,7.0,Intellectual Property,plaintiff_win,0.502,Arbitration award enforcement and challenge proceedings filed in 2023.,,
CASE_2018_0191,Madhya Pradesh High Court,Justice A. Kumar,Licensing Agreement,2023.0,8.0,Insolvency,plaintiff_win,0.464,Technology licensing and royalty payment dispute filed in 2023.,,
CASE_2015_0192,Supreme Court of India,Justice K. Rao,Merger & Acquisition Dispute,2021.0,3.0,Securities Law,plaintiff_win,0.786,M&A transaction dispute regarding representations and warranties filed in 2021.,,
CASE_2022_0193,Allahabad High Court,Justice S. Sharma,Trademark Infringement,2020.0,6.0,Corporate Law,plaintiff_win,0.526,Trademark infringement case involving brand protection and market confusion filed in 2020.,,
CASE_2019_0194,Madhya Pradesh High Court,Justice L. Desai,Commercial Fraud,2023.0,7.0,Competition Law,plaintiff_win,0.8,Commercial fraud and misrepresentation case filed in 2023.,,
CASE_2024_0195,Rajasthan High Court,Justice V. Reddy,Shareholder Dispute,2023.0,4.0,Securities Law,plaintiff_win,0.57,Shareholder rights and corporate governance dispute filed in 2023.,,
CASE_2016_0196,Rajasthan High Court,Justice B. Nair,Merger & Acquisition Dispute,2018.0,5.0,Securities Law,plaintiff_win,0.5,M&A transaction dispute regarding representations and warranties filed in 2018.,,
CASE_2018_0197,Gujarat High Court,Justice P. Mehta,Merger & Acquisition Dispute,2022.0,3.0,Securities Law,plaintiff_win,0.727,M&A transaction dispute regarding representations and warranties filed in 2022.,,
CASE_2016_0198,Karnataka High Court,Justice N. Gupta,Arbitration Matter,2019.0,5.0,Competition Law,dismissed,0.577,Arbitration award enforcement and challenge proceedings filed in 2019.,,
CASE_2022_0199,Delhi High Court,Justice S. Sharma,Merger & Acquisition Dispute,2016.0,8.0,Intellectual Property,defendant_win,0.365,M&A transaction dispute regarding representations and warranties filed in 2016.,,
CASE_2020_0200,Bombay High Court,Justice D. Verma,Breach of Contract,2024.0,7.0,Competition Law,defendant_win,0.596,Commercial contract dispute regarding non-performance of obligations filed in 2024.,,
CASE_2021_0201,Karnataka High Court,Justice H. Kapoor,Joint Venture Dispute,2021.0,4.0,Contract Law,dismissed,0.607,Joint venture agreement breach and profit distribution dispute filed in 2021.,,
CASE_2024_0202,Calcutta High Court,Justice P. Mehta,Trademark Infringement,2024.0,8.0,Arbitration,plaintiff_win,0.648,Trademark infringement case involving brand protection and market confusion filed in 2024.,,
CASE_2022_0203,Madras High Court,Justice H. Kapoor,Trademark Infringement,2020.0,3.0,Competition Law,plaintiff_win,0.747,Trademark infringement case involving brand protection and market confusion filed in 2020.,,
CASE_2019_0204,Madhya Pradesh High Court,Justice M. Singh,Supply Chain Dispute,2021.0,5.0,Contract Law,plaintiff_win,0.635,Supply chain contract breach and delivery obligations dispute filed in 2021.,,
CASE_2019_0205,Supreme Court of India,Justice R. Patel,Partnership Dispute,2019.0,6.0,Competition Law,plaintiff_win,0.507,Partnership dissolution and profit-sharing dispute filed in 2019.,,
CASE_2017_0206,Bombay High Court,Justice T. Iyer,Joint Venture Dispute,2021.0,6.0,Intellectual Property,plaintiff_win,0.766,Joint venture agreement breach and profit distribution dispute filed in 2021.,,
CASE_2015_0207,Delhi High Court,Justice B. Nair,Intellectual Property,2018.0,5.0,Securities Law,plaintiff_win,0.519,Comprehensive IP rights protection and licensing dispute filed in 2018.,,
CASE_2020_0208,Bombay High Court,Justice P. Mehta,Partnership Dispute,2020.0,6.0,Intellectual Property,defendant_win,0.678,Partnership dissolution and profit-sharing dispute filed in 2020.,,
CASE_2017_0209,Bombay High Court,Justice C. Joshi,Commercial Fraud,2015.0,4.0,Intellectual Property,plaintiff_win,0.714,Commercial fraud and misrepresentation case filed in 2015.,,
CASE_2021_0210,Allahabad High Court,Justice T. Iyer,Shareholder Dispute,2021.0,5.0,Insolvency,plaintiff_win,0.414,Shareholder rights and corporate governance dispute filed in 2021.,,
CASE_2023_0211,Delhi High Court,Justice P. Mehta,Insolvency Proceedings,2016.0,5.0,Insolvency,settlement,0.339,Corporate insolvency resolution process under IBC filed in 2016.,,
CASE_2024_0212,Allahabad High Court,Justice D. Verma,Joint Venture Dispute,2019.0,7.0,Contract Law,plaintiff_win,0.536,Joint venture agreement breach and profit distribution dispute filed in 2019.,,
CASE_2024_0213,Supreme Court of India,Justice A. Kumar,Patent Dispute,2019.0,6.0,Arbitration,plaintiff_win,0.8,Patent validity and infringement dispute in technology sector filed in 2019.,,
CASE_2019_0214,Calcutta High Court,Justice P. Mehta,Trademark Infringement,2015.0,5.0,Banking Law,plaintiff_win,0.748,Trademark infringement case involving brand protection and market confusion filed in 2015.,,
CASE_2017_0215,Bombay High Court,Justice N. Gupta,Intellectual Property,2018.0,7.0,Competition Law,plaintiff_win,0.523,Comprehensive IP rights protection and licensing dispute filed in 2018.,,
CASE_2015_0216,Gujarat High Court,Justice A. Kumar,Shareholder Dispute,2016.0,7.0,Competition Law,defendant_win,0.552,Shareholder rights and corporate governance dispute filed in 2016.,,
CASE_2024_0217,Gujarat High Court,Justice B. Nair,Joint Venture Dispute,2021.0,8.0,Insolvency,plaintiff_win,0.48,Joint venture agreement breach and profit distribution dispute filed in 2021.,,
CASE_2015_0218,Karnataka High Court,Justice R. Patel,Supply Chain Dispute,2024.0,5.0,Banking Law,dismissed,0.44,Supply chain contract breach and delivery obligations dispute filed in 2024.,,
CASE_2020_0219,Delhi High Court,Justice N. Gupta,Merger & Acquisition Dispute,2016.0,8.0,Arbitration,plaintiff_win,0.458,M&A transaction dispute regarding representations and warranties filed in 2016.,,
CASE_2021_0220,Rajasthan High Court,Justice S. Sharma,Insolvency Proceedings,2019.0,5.0,Competition Law,plaintiff_win,0.608,Corporate insolvency resolution process under IBC filed in 2019.,,
CASE_2017_0221,Delhi High Court,Justice D. Verma,Joint Venture Dispute,2016.0,5.0,Arbitration,dismissed,0.519,Joint venture agreement breach and profit distribution dispute filed in 2016.,,
CASE_2020_0222,Karnataka High Court,Justice B. Nair,Merger & Acquisition Dispute,2017.0,7.0,Arbitration,plaintiff_win,0.494,M&A transaction dispute regarding representations and warranties filed in 2017.,,
CASE_2019_0223,Madras High Court,Justice R. Patel,Commercial Fraud,2017.0,7.0,Intellectual Property,plaintiff_win,0.8,Commercial fraud and misrepresentation case filed in 2017.,,
CASE_2022_0224,Allahabad High Court,Justice C. Joshi,Commercial Fraud,2024.0,7.0,Banking Law,plaintiff_win,0.731,Commercial fraud and misrepresentation case filed in 2024.,,
CASE_2024_0225,Madhya Pradesh High Court,Justice P. Mehta,Merger & Acquisition Dispute,2020.0,7.0,Corporate Law,plaintiff_win,0.519,M&A transaction dispute regarding representations and warranties filed in 2020.,,
CASE_2022_0226,Allahabad High Court,Justice L. Desai,Partnership Dispute,2019.0,4.0,Contract Law,plaintiff_win,0.39,Partnership dissolution and profit-sharing dispute filed in 2019.,,
CASE_2016_0227,Calcutta High Court,Justice K. Rao,Shareholder Dispute,2015.0,8.0,Contract Law,defendant_win,0.263,Shareholder rights and corporate governance dispute filed in 2015.,,
CASE_2019_0228,Delhi High Court,Justice L. Desai,Merger & Acquisition Dispute,2016.0,6.0,Securities Law,plaintiff_win,0.584,M&A transaction dispute regarding representations and warranties filed in 2016.,,
CASE_2023_0229,Supreme Court of India,Justice K. Rao,Supply Chain Dispute,2024.0,6.0,Arbitration,plaintiff_win,0.517,Supply chain contract breach and delivery obligations dispute filed in 2024.,,
CASE_2022_0230,Rajasthan High Court,Justice R. Patel,Breach of Contract,2022.0,6.0,Intellectual Property,defendant_win,0.62,Commercial contract dispute regarding non-performance of obligations filed in 2022.,,
CASE_2020_0231,Delhi High Court,Justice D. Verma,Joint Venture Dispute,2017.0,5.0,Contract Law,plaintiff_win,0.541,Joint venture agreement breach and profit distribution dispute filed in 2017.,,
CASE_2022_0232,Allahabad High Court,Justice D. Verma,Intellectual Property,2024.0,7.0,Corporate Law,plaintiff_win,0.705,Comprehensive IP rights protection and licensing dispute filed in 2024.,,
CASE_2019_0233,Gujarat High Court,Justice N. Gupta,Supply Chain Dispute,2020.0,5.0,Contract Law,defendant_win,0.653,Supply chain contract breach and delivery obligations dispute filed in 2020.,,
CASE_2020_0234,Delhi High Court,Justice P. Mehta,Trademark Infringement,2023.0,5.0,Securities Law,plaintiff_win,0.697,Trademark infringement case involving brand protection and market confusion filed in 2023.,,
CASE_2024_0235,Bombay High Court,Justice P. Mehta,Trademark Infringement,2024.0,4.0,Corporate Law,defendant_win,0.8,Trademark infringement case involving brand protection and market confusion filed in 2024.,,
CASE_2019_0236,Gujarat High Court,Justice R. Patel,Commercial Fraud,2016.0,4.0,Insolvency,plaintiff_win,0.788,Commercial fraud and misrepresentation case filed in 2016.,,
CASE_2020_0237,Bombay High Court,Justice L. Desai,Licensing Agreement,2023.0,4.0,Intellectual Property,defendant_win,0.457,Technology licensing and royalty payment dispute filed in 2023.,,
CASE_2021_0238,Rajasthan High Court,Justice P. Mehta,Breach of Contract,2020.0,5.0,Insolvency,plaintiff_win,0.794,Commercial contract dispute regarding non-performance of obligations filed in 2020.,,
CASE_2018_0239,Karnataka High Court,Justice C. Joshi,Shareholder Dispute,2018.0,7.0,Arbitration,dismissed,0.52,Shareholder rights and corporate governance dispute filed in 2018.,,
CASE_2017_0240,Delhi High Court,Justice V. Reddy,Merger & Acquisition Dispute,2016.0,6.0,Contract Law,settlement,0.313,M&A transaction dispute regarding representations and warranties filed in 2016.,,
CASE_2024_0241,Bombay High Court,Justice T. Iyer,Insolvency Proceedings,2017.0,5.0,Corporate Law,plaintiff_win,0.628,Corporate insolvency resolution process under IBC filed in 2017.,,
CASE_2024_0242,Bombay High Court,Justice B. Nair,Shareholder Dispute,2015.0,7.0,Securities Law,plaintiff_win,0.563,Shareholder rights and corporate governance dispute filed in 2015.,,
CASE_2018_0243,Allahabad High Court,Justice T. Iyer,Partnership Dispute,2022.0,4.0,Arbitration,plaintiff_win,0.599,Partnership dissolution and profit-sharing dispute filed in 2022.,,
CASE_2019_0244,Allahabad High Court,Justice H. Kapoor,Patent Dispute,2020.0,4.0,Banking Law,plaintiff_win,0.8,Patent validity and infringement dispute in technology sector filed in 2020.,,
CASE_2019_0245,Gujarat High Court,Justice D. Verma,Intellectual Property,2021.0,5.0,Corporate Law,settlement,0.549,Comprehensive IP rights protection and licensing dispute filed in 2021.,,
CASE_2024_0246,Bombay High Court,Justice H. Kapoor,Partnership Dispute,2015.0,5.0,Banking Law,settlement,0.57,Partnership dissolution and profit-sharing dispute filed in 2015.,,
CASE_2023_0247,Delhi High Court,Justice B. Nair,Merger & Acquisition Dispute,2023.0,6.0,Intellectual Property,plaintiff_win,0.568,M&A transaction dispute regarding representations and warranties filed in 2023.,,
CASE_2017_0248,Calcutta High Court,Justice K. Rao,Intellectual Property,2017.0,4.0,Securities Law,plaintiff_win,0.542,Comprehensive IP rights protection and licensing dispute filed in 2017.,,
CASE_2018_0249,Allahabad High Court,Justice P. Mehta,Breach of Contract,2021.0,4.0,Contract Law,plaintiff_win,0.59,Commercial contract dispute regarding non-performance of obligations filed in 2021.,,
CASE_2020_0250,Madras High Court,Justice N. Gupta,Trademark Infringement,2020.0,5.0,Arbitration,plaintiff_win,0.699,Trademark infringement case involving brand protection and market confusion filed in 2020.,,
,Kerala High Court,,,,,,allowed,,<b>breach</b> of <b>contract</b>. Therefore <b>breach</b> of <b>contract</b> is the basis for a suit for specific performance as well as a suit for <b>damages</b>; although ... account of <b>breach</b> of <b>contract</b> the <b>damages</b> are granted for the non-performance of the <b>contract</b>. A claim for <b>damages</b> in addition to or substitution ,"John vs Mammootty on 28 February, 1984",1984-02-28
,Madhya Pradesh High Court,,,,,,dismissed,,"admitted that the <b>disputed</b> <b>properties</b> are their ancestral
<b>properties</b>. They have denied the averrments that in 1971 a
<b>partition</b> of <b>properties</b> took place in life ... proof of <b>partition</b> lies upon the plaintiff.
  Plaintiff Smt. Sulakshana (PW-1) deposed about oral <b>partition</b>
of the <b>disputed</b> <b>property</b> in the year ","Mukund vs Smt.Sulakshna Bokare & Ors. on 15 May, 2017",2017-05-15
,Allahabad High Court,,,,,,dismissed,,"owners in possession of the <b>disputed</b> house.
  
 16. It was specifically denied that the <b>disputed</b> <b>property</b>, was the  <b>property</b> of the joint Hindu family ... <b>disputed</b> house was the <b>property</b> of the joint Hindu family. The plaintiff also failed to prove that regarding the <b>disputed</b> <b>property</b>, a <b>partition</b> took place ","Rajesh Chhabra vs Radhey Lal Jeswani And Others on 16 September, 2025",2025-09-16
,Madras High Court,,,,,,dismissed,,"contention. In the said case, the petition filed for <b>divorce</b> on the twin <b>grounds</b> of <b>cruelty</b> and desertion was dismissed only on the ground ... relating to desertion, the consideration about delay in filing <b>divorce</b> petition on the <b>grounds</b> of <b>cruelty</b> and adultery is not applicable.  After relying upon ","Chandrika vs M. Vijayakumar on 9 April, 1996",1996-04-09
,Delhi High Court,,,,,,allowed,,"parte interim <b>injunction</b> granted on 12.8.1999 are being disposed of.
  

 2. Plaintiffs has filed a suit for <b>injunction</b> against <b>infringement</b> of <b>trademark</b>, <b>infringement</b> of copyright ... suit for permanent <b>injunction</b> restraining <b>infringement</b> of <b>Trademark</b>, <b>infringement</b> of copyright, passing off......&quot; Suit for <b>infringement</b> of <b>trademark</b> will lie under  Section ","Om Prakash Gupta vs Parveen Kumar And Anr. on 19 May, 2000",2000-05-19
,Supreme Court of India,,,,,,allowed,,"Scope	of right of <b>appeal</b> by the  accused-Scope  of
interference by <b>Supreme</b> <b>Court</b> in such <b>appeals</b>.
     Criminal  Trial-<b>Murder</b>-Motive-When	 motive	 is  equally ... <b>murder</b>.	 The Sessions  Judge
acquitted  both	 the  appellants.  The	State  preferred  an
<b>appeal</b>	before the High <b>Court</b>.	The High <b>Court</b>	allowed	 the
<b>appeal</b>,	 set  aside ","Chandra Mohan Tiwari And Anr vs State Of Madhya Pradesh on 22 January, 1992",1992-01-22
,Supreme Court of India,,,,,,dismissed,,"<b>Supreme</b>  <b>Court</b>   (Enlargement  of	 Criminal  Appellate
Jurisdiction) Act, 1970-S.2(a)-Scope-<b>Supreme</b> <b>Court</b>, if could
summarily dismiss an <b>appeal</b> under section ... <b>appeal</b>  by  the  State,  the	 High  <b>Court</b>  convicted	 and
sentenced them.	  In  their <b>appeal</b> under section 2(a) of the
<b>Supreme</b>	  <b>Court</b>	   (Enlargement	  of	Criminal ","Rajput Ruda Maha And Ors vs State Of Gujarat on 5 December, 1979",1979-12-05
,Madhya Pradesh High Court,,,,,,dismissed,,"sentence. The High <b>Court</b> commuted the sentence to
      one of life imprisonment. The <b>Supreme</b> <b>Court</b> in
      <b>appeal</b> noting the brutality of <b>murder</b> held that ... accused earlier had
committed the <b>murder</b>. He was convicted and awarded life
sentence by the trial <b>court</b>. On <b>appeal</b>, sentence of the accused
was suspended ","Yogendra @ Jogendra Singh vs The State Of Madhya Pradesh on 12 December, 2014",2014-12-12
,Kerala High Court,,,,,,dismissed,,"Police and acted upon by the <b>Court</b> against her. The appellant, who was also convicted, <b>appealed</b> to the <b>Supreme</b> <b>Court</b> of Jamaica and urged that ... give evidence and both were found guilty of <b>murder</b>. Daniel Youth alone <b>appealed</b> to the <b>Supreme</b> <b>Court</b> of Jamaica, his contention being that the statement ","T.J. Ponnen vs M.C. Varghese on 1 November, 1966",1966-11-01
,Supreme Court of India,,,,,,dismissed,,"Justice-When a	life convict <b>appeals</b>
that he	 was convicted	for a  <b>murder</b> that  never  was,	 the
<b>Supreme</b> <b>Court</b> can reconsider the question seriously ... illegal. The  High <b>Court</b>  dismissed the	 petition. Hence the
<b>appeal</b> by Special Leave of the <b>Court</b>.
     Dismissing the <b>appeal</b>, the <b>Court</b>,
^
     HELD; 1:1. When ","Lallu Ram And Ors vs State Of U.P. And Anr on 27 September, 1984",1984-09-27
,Allahabad High Court,,,,,,allowed,,"aside and suit filed by appellant for <b>divorce</b> on <b>grounds</b> of <b>cruelty</b> and desertion is liable to be decreed by this Court.
  
 11. Before proceeding ... scheme of Act, 1955, <b>grounds</b> of <b>divorce</b> mentioned in  Section 13  are independent <b>grounds</b>. Fulfilment of one of the <b>grounds</b> mentioned in  Section ","Shri Vishnu Shankar Pandey vs Smt. Maya Pandey on 20 December, 2019",2019-12-20
,Supreme Court of India,,,,,,allowed,,"SCALE  (2)1246


ACT:
     Plea for  <b>divorce</b> by  husband on <b>grounds</b> of <b>cruelty</b> and
desertion by wife.



HEADNOTE:
%
     The appellant  and the  respondent, husband ... therefore, filed  a petition for a decree
of <b>divorce</b>  on the  <b>grounds</b> of	<b>cruelty</b> and  desertion.	 The
trial  Court   granted	the   <b>divorce</b>.	On   appeal ","J. L. Nanda vs Smt. Veena Nanda on 11 December, 1987",1987-12-11
,Allahabad High Court,,,,,,dismissed,,"dismissed marriage petition filed by plaintiff-appellant for <b>divorce</b> on the <b>grounds</b> of <b>cruelty</b>, adultery and desertion.
  
 2.	According to plaint allegations, marriage of plaintiff ... filed by plaintiff-appellant for decree of <b>divorce</b> on <b>grounds</b> of <b>cruelty</b>, adultery and desertion. Apart from factual pleas in respect of aforesaid <b>grounds</b> ","Girish Chandra Srivastava vs Smt. Reeta Srivastava on 20 September, 2019",2019-09-20
,Madras High Court,,,,,,allowed,,"matrimonial house, the Respondent filed the Petition for <b>divorce</b> on the <b>grounds</b> of  <b>cruelty</b> and desertion.
 
 	3. The Appellant resisted the Petition by filing counter ... were no justifiable <b>grounds</b> for leaving the matrimonial house and the trial Court rightly granted <b>divorce</b> on the <b>grounds</b> of <b>cruelty</b> and desertion.
 
 	9. Upon ","Mrs.P.Manimekalai vs R.Kothandaraman on 4 August, 2010",2010-08-04
,Punjab-Haryana High Court,,,,,,allowed,,"dissolution of marriage between the parties by decree of <b>divorce</b> on the

<b>grounds</b> of <b>cruelty</b> and desertion, has been allowed.
 
             Brief facts of the case ... petitioner is entitled for grant of decree of
       <b>divorce</b> on the <b>grounds</b> of <b>cruelty</b> and desertion as alleged in
       the petition?OPP

         2.     Relief ","Kusum @ Sunaina vs Arun Kumar on 22 December, 2021",2021-12-22
,Chattisgarh High Court,,,,,,dismissed,,"Family Court for grant of a decree of <b>divorce</b> on the <b>grounds</b> of

<b>cruelty</b> and desertion.
                                    4  



  4.   The Respondent, leaving the admitted facts ... dismissed.
 
 

  9.    The Appellant has sought a decree of <b>divorce</b> on the <b>grounds</b> of (i)

      <b>cruelty</b> and (ii) desertion.
 
 

  10.   As far as the ground ","Yogesh Kumar Pandey vs Smt.Swati Pandey on 24 January, 2017",2017-01-24
,Union of India - Section,,,,,,dismissed,,"order under this sub-Section or has rejected the <b>application</b> for grant of <b>anticipatory</b> <b>bail</b>, it shall be open to an officer incharge ... order under this sub-section or has rejected the <b>application</b> for grant of <b>anticipatory</b> <b>bail</b>, it shall be open to an officer-in-charge ","Section 438 in The Code of Criminal Procedure, 1973",1974-01-25
,Allahabad High Court,,,,,,allowed,,"Order on Criminal Misc. Exemption <b>Application</b>
 
This exemption <b>application</b> is allowed.
  
 4) Order on Criminal Misc. <b>Anticipatory</b> <b>Bail</b> <b>Application</b>
 
The instant <b>anticipatory</b> <b>bail</b> <b>application</b> ... <b>anticipatory</b> <b>bail</b> cannot be granted.
  

 
  9) This Court in the case of  Adil Vs. State of U.P.  passed in Criminal Misc.   <b>Anticipatory</b> <b>Bail</b> <b>Application</b> ","Shivam vs State Of U.P. And Another on 5 April, 2021",2021-04-05
,Orissa High Court,,,,,,dismissed,,"case, set aside the impugned order and held that, if an <b>anticipatory</b> <b>bail</b>

<b>application</b> has been rejected, there could not have been any further direction ... <b>anticipatory</b> <b>bail</b> or

regular <b>bail</b>.
 
 
  12.             Coming to the question of passing of order of interim protection at

the threshold in an <b>anticipatory</b> <b>bail</b> <b>application</b> ","Pramod Kumar Ray And Others vs State Of Odisha on 10 May, 2017",2017-05-10
,Rajasthan High Court - Jaipur,,,,,,dismissed,,"Judge, after rejection of three previous <b>bail</b> applications under  Section 438  Cr.P.C. granted 4th <b>anticipatory</b> <b>bail</b> <b>application</b> on the ground that the petitioner ... <b>application</b> for <b>anticipatory</b> <b>bail</b> was not barred. 
  

 (vii) In Islam Mohammed v. State of Raj., 1994 RCC 207, second <b>anticipatory</b> <b>bail</b> <b>application</b> moved ","Ganesh Raj vs State Of Rajasthan And Ors. on 1 April, 2005",2005-04-01
,Rajasthan High Court - Jaipur,,,,,,dismissed,,"<b>bail</b> <b>application</b> if there is a substantial change in factual situation between the earlier <b>bail</b> <b>application</b> and the subsequent one, but successive <b>bail</b> <b>application</b> ... that the High Court once rejected the <b>anticipatory</b> <b>bail</b> by a well-reasoned order, allowed second <b>bail</b> <b>application</b> under  Section 438 , Cr.P.C. made ","Suresh Chand And Ors. vs State Of Rajasthan on 14 March, 2001",2001-03-14
,Calcutta High Court (Appellete Side),,,,,,dismissed,,"<b>bail</b> is to apply to the superior Court for regular <b>bail</b> and not once again
for <b>anticipatory</b> <b>bail</b>.
  (b)Accused who prefers an <b>application</b> ... <b>anticipatory</b> <b>bail</b>.
  (e) If the <b>application</b> for regular <b>bail</b> is moved after or the date as on which
the <b>application</b> for regular <b>bail</b> is rejected ","Sri Sudip Sen vs The State Of West Bengal on 16 September, 2010",2010-09-16
,Calcutta High Court,,,,,,dismissed,,"prayer for regular <b>bail</b> a person would again pray for <b>anticipatory</b> <b>bail</b> during the subsistence of the earlier order of <b>anticipatory</b> <b>bail</b>. This ... <b>anticipatory</b> <b>bail</b> (outer limit prescribed by the order of <b>anticipatory</b> <b>bail</b>) to move the higher Court. Where, however, the regular <b>bail</b> <b>application</b> is rejected ","Maya Rani Guin And Etc. vs State Of West Bengal on 30 July, 2002",2002-07-30
,Gujarat High Court,,,,,,allowed,,second successive <b>anticipatory</b> <b>bail</b> <b>application</b>. Said <b>application</b> was finally disposed of on 16-7-2004 whereby <b>anticipatory</b> <b>bail</b> was granted in favour of the respondent ... granted <b>anticipatory</b> <b>bail</b> for a period of 90 days. It is required to be noted that the first successive <b>anticipatory</b> <b>bail</b> <b>application</b> in the court ,"State Of Gujarat vs Kanaksinh Mohansinh Mangrola on 11 October, 2004",2004-10-11
,Allahabad High Court,,,,,,allowed,,"rule that <b>anticipatory</b> <b>bail</b> cannot be granted unless the proposed accusation appears to be actuated by mala fides; and equally, that <b>anticipatory</b> <b>bail</b> must ... should be granted <b>anticipatory</b> <b>bail</b>. The first and foremost thing that the court hearing an <b>anticipatory</b> <b>bail</b> <b>application</b> should consider is the prima facie case ","Vinod Bihari Lal vs State Of U.P. And Another on 28 February, 2023",2023-02-28
,Allahabad High Court,,,,,,dismissed,,"granted <b>anticipatory</b> <b>bail</b>/interim <b>anticipatory</b> <b>bail</b>. It is argued that as such the applicant is also entitled to be released on <b>anticipatory</b> <b>bail</b> ... been granted <b>anticipatory</b> <b>bail</b>/interim <b>anticipatory</b> <b>bail</b>, the same are not binding on this Court. While rejecting the first <b>anticipatory</b> <b>bail</b> <b>application</b>, the Court ","Hemant Kumar @ Hemant Kumar Saraswat vs State Of U.P. And Another on 21 December, 2021",2021-12-21
,Allahabad High Court,,,,,,dismissed,,"date of filing <b>anticipatory</b> <b>bail</b>, therefore, to me such bar could not restrain the present applicant to file his <b>anticipatory</b> <b>bail</b> <b>application</b> before this Court ... vehemently opposed the prayer of <b>anticipatory</b> <b>bail</b> and have submitted that just after rejection of <b>anticipatory</b> <b>bail</b> <b>application</b> by the learned sessions court the applicant ","Suresh Babu vs State Of U.P. And Another on 16 July, 2022",2022-07-16
,Allahabad High Court,,,,,,dismissed,,"<b>anticipatory</b> <b>bail</b> on the ground that proceedings under  Section 82  Cr.P.C. were initiated subsequent to the filing of the <b>anticipatory</b> <b>bail</b> <b>application</b> ... been completed, then he is not entitled for <b>anticipatory</b> <b>bail</b>, as such the present <b>anticipatory</b> <b>bail</b> <b>application</b> is liable to be rejected.  
  
 12.	Learned ","Udit Arya vs State Of U.P. on 3 May, 2023",2023-05-03
,Delhi High Court,,,,,,dismissed,,"petitioners made a 3rd attempt for grant of

       <b>anticipatory</b>       <b>bail</b>   by   filing   <b>bail</b>   <b>application</b>    bearing

       No.1964/2010 which was dismissed as withdrawn while

       reserving ... VIth <b>Application</b>


 <b>Bail</b> Appl. No.1135/2011                                       Page 13 of 21 
    10.    After    withdrawal   of the   so   called misleading first     <b>bail</b>

       <b>application</b> another <b>anticipatory</b> <b>bail</b> ","Harish Kathuria & Anr. vs State on 18 August, 2011",2011-08-18
,Delhi District Court,,,,,,dismissed,,"whether he had filed any case

       under  Section <b>138</b>  <b>NI</b> <b>Act</b> for <b>cheque</b> <b>bouncing</b>. He denied the suggestion

       that the accused Deepak Arora ... submitted that the complainant has not filed any case

       under  Section <b>138</b>  <b>NI</b> <b>Act</b>. Further no recovery of the books or the alleged

       sale amount ","Duty"" (Lake vs Simmons 1972 Ac 487). In Order That Money ... on 21 August, 2013",2013-08-21
,Rajasthan High Court - Jaipur,,,,,,dismissed,,"Chatar Lal vs <b>Motor</b> <b>Accident</b> <b>Claims</b> <b>Tribunal</b> on 5 December, 1996 

 Equivalent citations: 1997(1)WLC560, 1996(2)WLN322 

 Author:  R.R. Yadav  

 Bench ... Heard.
  

 2. Perused the order impugned dated 3.10.1996 passed by <b>Motor</b> <b>Accident</b> <b>Claims</b> <b>Tribunal</b>, Rajsamand rejecting the application of the petitioner for leave to withdraw ","Chatar Lal vs <b>Motor</b> <b>Accident</b> <b>Claims</b> <b>Tribunal</b> on 5 December, 1996",1996-12-05
,Bombay High Court,,,,,,dismissed,,"petitioner is seeking to challenge the order passed by the <b>Motor</b> <b>Accident</b> <b>Claims</b> <b>Tribunal</b>, Buldana on 14-3-1995 rejecting the application filed ... petitioner prayed for time to study the matter whether the <b>Motor</b> <b>Accident</b> <b>Claims</b> <b>Tribunal</b> is a &#x27;Court subordinate&#x27; under  section ","Gurucharansing Hardayalsing Sethi vs Narhari Laxman Shinde And Ors. on 19 January, 1996",1996-01-19
,Rajasthan High Court - Jaipur,,,,,,dismissed,,"respondent 1), reduced the quantum of compensation awarded by the <b>Motor</b> <b>Accident</b> <b>Claims</b> <b>Tribunal</b>, Jodhpur in each case and also dismissed the cross objections filed ... petitions before the <b>Motor</b> <b>Accident</b> <b>Claims</b> <b>Tribunal</b>, Jodhpur (for short &#x27;the <b>Claims</b> <b>Tribunal</b>&#x27;) under the provisions of the  <b>Motor</b> Vehicles Act, 1939  against ","Smt. Jaya Ben And 4 Ors. vs Gaffar Khan And Ors. on 5 July, 2000",2000-07-05
,Bangalore District Court,,,,,,dismissed,,"<b>Arbitration</b> &amp; Conciliation Act. Thus, the

<b>challenge</b> by the Petitioner calling for the setting aside of

arbitral <b>award</b> on this ground is rejected ... evidence fully participated in the <b>arbitration</b>

proceedings     without   any    objection   in   the   <b>arbitration</b>

proceedings, now he raised objection <b>challenged</b> the plaintiff

is   estopped   from   raising ","H L Nagaraja vs M/S Siddhshekha Developers Llp, Rep. By ... on 21 September, 2024",2024-09-21
,Bangalore District Court,,,,,,allowed,,"setting

aside the <b>arbitration</b> <b>award</b>.
 
      12. According to the  Section 34(2)  of the <b>Arbitration</b>

&amp; Conciliation Act, an <b>arbitration</b> <b>award</b> can be set aside ... case of

plaintiff that the <b>arbitration</b> agreement which resulted in

<b>arbitration</b> <b>award</b> under <b>challenge</b> is invalid agreement

under law. Hence, there is no need ","M/S Hindustan Aeronautics Limited vs United Helicharters Pvt. Ltd on 20 February, 2020",2020-02-20
,Supreme Court of India,,,,,,partly_allowed,,"<b>challenges</b>  the	same
decision of  the Chairman,  IFCI which	is <b>challenged</b> in the
<b>arbitration</b> petition as an <b>award</b>.
       The learned Single Judge has compared ... existence effect or validity of an
<b>arbitration</b> agreement  or <b>award</b>,  nor shall  any <b>arbitration</b>
agreement or  <b>award</b> b  e set  aside, amended, modified ","K.K. Modi vs K.N. Modi & Ors on 4 February, 1998",1998-02-04
,Supreme Court of India,,,,,,dismissed,,"<b>arbitration</b>  in
terms of the <b>arbitration</b> clause in the agreement between the
parties.   There  being however, no dispute, as regards	 the
<b>arbitration</b> clause, we deem ... account of  interest
was  rejected.	 It  is	 this	Arbitral  <b>award</b>	 which	 was
<b>challenged</b>  before  High Court and the learned Single  Judge
found  that ","M/S. Arosan Enterprises Ltd vs Union Of India & Anr on 16 September, 1999",1999-09-16
,Allahabad High Court,,,,,,allowed,,"relief of <b>specific</b> <b>performance</b> can be granted in favour of the petitioners. Mere pendency of suits for <b>specific</b> <b>performance</b> of <b>agreements</b> to sell will ... decree in a suit for <b>specific</b> <b>performance</b>. The damages can be awarded in a suit for <b>specific</b> <b>performance</b> only in case, the plaintiff succeeds ","Hamid And 9 Others vs Kailash And 13 Others on 15 September, 2025",2025-09-15
,Andhra Pradesh High Court - Amravati,,,,,,dismissed,,"available. In these circumstances, the plaintiffs filed a

suit for <b>specific</b> <b>performance</b> of <b>agreement</b> of sale.


  5.    The defendants filed a written statement by denying ... therefore, the plaintiffs are not

entitled to the relief of <b>specific</b> <b>performance</b> of <b>agreement</b> of sale and the

suit is liable to be dismissed ","Smt.S.Rahmath Bi And 11 Others vs Unnam Pullamma Died on 19 June, 2024",2024-06-19
,Supreme Court of India,,,,,,allowed,,"Court with unclean  hands,  the  discretionary
relief of grant of <b>specific</b> <b>performance</b> of <b>agreement</b> ought not to have  been
granted to such plaintiff and instead ... favour of the plaintiff by passing a decree  for  <b>specific</b>
<b>performance</b> of <b>agreement</b> against the defendant.
  44)   In our view, none of these findings could ","A.Kanthamani vs Nasreen Ahmed on 6 March, 2017",2017-03-06
,Supreme Court of India,,,,,,allowed,,"suit for <b>specific</b> <b>performance</b> was allowed, in part, holding that

the Vendee, was not entitled to seek <b>specific</b> <b>performance</b> of the

<b>agreement</b> in respect ... provides:
 
             10. <b>Specific</b> <b>performance</b> in respect of contracts.-
              The <b>Specific</b> <b>performance</b> of a contract shall be enforced
            by the court subject to the provisions contained ","B.Santoshamma. vs D.Sarala. on 18 September, 2020",2020-09-18
,Andhra HC (Pre-Telangana),,,,,,allowed,,"<b>specific</b> <b>performance</b> can be granted and discussed what are the
requirements to grant decree of <b>specific</b> <b>performance</b> and held that
plaintiff to seek <b>specific</b> <b>performance</b> ... made out, <b>specific</b> <b>performance</b> could be enforced as
provided in the Act even in the absence of a <b>specific</b> term for
<b>specific</b> <b>performance</b> ","R.Suresh Babu vs G.Rajalingam And 2 Others on 30 November, 2016",2016-11-30
,Delhi High Court,,,,,,allowed,,"respondent, was illegal
                          and for a decree of <b>specific</b> <b>performance</b> of the <b>agreement</b>, along with
                          injunction. The learned Trial Court decreed the suit as sought ... <b>agreement</b> was in its nature
                          determinable, a decree for <b>specific</b> <b>performance</b> of the <b>agreement</b>
                          could not be issued, in view of  Section ","Abp Network Private Limited vs Malika Malhotra on 12 October, 2021",2021-10-12
,Bombay High Court,,,,,,allowed,,"<b>performance</b> of the <b>agreement</b> of sale incorporated in Clause 17 to 21 thereof. He held that the document incorporated three distinct <b>agreements</b>: (i) an <b>agreement</b> ... persons claiming under; him to obtain <b>specific</b> <b>performance</b> of the <b>agreement</b>. If <b>specific</b> <b>performance</b> be granted by the Court, the right may crystallise into ","Shree Ambarnath Mills Corporation vs D.B. Godbole And Anr. on 14 January, 1957",1957-01-14
,Madras High Court,,,,,,allowed,,rites and that the <b>minor</b> <b>child</b> is Hindu by birth. If the <b>minor</b> <b>child</b> is allowed to be in the <b>custody</b> of the respondents that ... <b>minor</b> <b>child</b>. The <b>minor</b> <b>child</b> expressed her willingness to be with the respondents herein. The welfare of the <b>minor</b> <b>child</b> is of paramount consideration. Considering ,"Krishna Raj vs Rajasekar And Anr. on 24 January, 1997",1997-01-24
,Madras High Court,,,,,,allowed,,"rites and that the <b>minor</b> <b>child</b> is Hindu by birth. If the <b>minor</b> <b>child</b> is allowed to be in the <b>custody</b> of the respondents, that ... <b>minor</b> <b>child</b>. The <b>minor</b> <b>child</b> expressed her willingness to be with the respondents herein. The welfare of the <b>minor</b> <b>child</b> is of paramount consideration. Considering ","Krishma Raj vs Rajasekar And Anr. on 24 January, 1997",1997-01-24
,Andhra HC (Pre-Telangana),,,,,,dismissed,,"right to claim the <b>custody</b> of the <b>minor</b> <b>child</b> without reference to the welfare of the <b>minor</b> <b>child</b> must, therefore, be rejected,  
 

   12. Normally, there ... <b>child</b>. The learned District Judge held that considering the welfare of the <b>minor</b> <b>child</b> the <b>child</b> should be continued to be in the <b>custody</b> ","L. Chandran vs Venkatalakshmi And Anr. on 5 September, 1980",1980-09-05
,State Consumer Disputes Redressal Commission,,,,,,allowed,,"fuEu fu/kkZfjr fd;k gS %&amp;
                     <b>Medical</b> <b>Negligence</b> -- Sought <b>compensation</b>--Allowed -
                     Validity--Held--Since O.P. had tried to hush up the matter ... Consumer Protection -Service--<b>Medical</b>
                    Practitioners/ services -- <b>Medical</b> <b>negligence</b> - Expert opinion
                    of prima facie <b>negligence</b>, if a precondition for Consumer
                    Forum to proceed with a case ","Vivek Soni S/O Dayanand Soni vs Bhandari Healthcare Pvt. Ltd. Through ... on 25 March, 2019",2019-03-25
